Event name,Date,Start Time,End Time,Artists,Venue,Event URL,Number of guests attending
Ange Halliwell + Sarahsson + Y0GA,2025-09-02T00:00:00.000,2025-09-02T19:30:00.000,2025-09-02T23:00:00.000,"Ange Halliwell, Sarahsson, RenzNiro",Cafe OTO,/events/2204347,92
"Milkshake, Ministry Of Sound: London's Biggest Student Night",2025-09-02T00:00:00.000,2025-09-02T22:00:00.000,2025-09-03T04:00:00.000,,Ministry Of Sound,/events/2235437,42
SNEAK RAVE,2025-09-02T00:00:00.000,2025-09-02T23:00:00.000,2025-09-03T03:00:00.000,,XOYO,/events/2201344,12
Steely Dancing,2025-09-02T00:00:00.000,2025-09-02T18:00:00.000,2025-09-03T03:00:00.000,,Ridley Road Market Bar,/events/2236334,5
Search Alpha presents Grap3z,2025-09-02T00:00:00.000,2025-09-02T16:00:00.000,2025-09-03T05:30:00.000,,TBA - Search Alpha,/events/2249364,0
PARADOX,2025-09-03T00:00:00.000,2025-09-03T23:00:00.000,2025-09-04T03:00:00.000,"Pedro (IT), Jahmer",XOYO,/events/2243334,100
"Final CUT - House, Hip Hop & Chart",2025-09-03T00:00:00.000,2025-09-03T22:30:00.000,2025-09-04T04:00:00.000,,Egg London,/events/2225328,36
We Are Many,2025-09-03T00:00:00.000,2025-09-03T18:00:00.000,2025-09-04T01:00:00.000,,Bricks,/events/2219279,8
PARADE (LIVE) + SPECIAL GUESTS,2025-09-03T00:00:00.000,2025-09-03T19:30:00.000,2025-09-03T23:00:00.000,,Next Door Records Two,/events/2244246,13
"Pure - Deep House for your Mind, Body & Soul",2025-09-03T00:00:00.000,2025-09-03T18:00:00.000,2025-09-03T23:00:00.000,"Emma Champion, Farrah DJ",The BBE Store,/events/2187822,49
community through dancing vol.6<3,2025-09-03T00:00:00.000,2025-09-03T19:30:00.000,2025-09-04T00:30:00.000,,Four Quarters,/events/2248518,53
AlgoRhythms,2025-09-03T00:00:00.000,2025-09-03T18:30:00.000,2025-09-03T23:00:00.000,"#pastagang, SYNTƏL8",The Carpet Shop,/events/2238279,14
90's Baby,2025-09-03T00:00:00.000,2025-09-03T18:00:00.000,2025-09-04T02:00:00.000,,Ridley Road Market Bar,/events/2236336,3
OPEN DECKS,2025-09-03T00:00:00.000,2025-09-03T18:00:00.000,2025-09-03T23:00:00.000,,Planet Wax,/events/2247442,4
Flat Iron Square - Live DJ's,2025-09-03T00:00:00.000,2025-09-03T16:00:00.000,2025-09-03T23:00:00.000,,Flat Iron Square,/events/2241431,0
CTM x ICA Night 1: KAVARI & Emptyset ,2025-09-04T00:00:00.000,2025-09-04T19:30:00.000,2025-09-04T23:00:00.000,"KAVARI, Emptyset",The Institute of Contemporary Arts London,/events/2192472,68
DESIRE - Weekly Thursday After Party - BILLA BAZ,2025-09-04T00:00:00.000,2025-09-04T23:59:00.000,2025-09-05T07:00:00.000,"Duwat?, Simone Sim, Diana Loredana, Billa Bazz","Union Club, Vauxhall",/events/2241103,57
Clash Live presents: Coco & Breezy x KinKin,2025-09-04T00:00:00.000,2025-09-04T19:00:00.000,2025-09-05T00:00:00.000,"Coco & Breezy, S.U.R.E.",Night Tales,/events/2239711,43
DRAGONFRUIT X HOUSE OF HEARTS: Heart of a Dragon,2025-09-04T00:00:00.000,2025-09-04T22:00:00.000,2025-09-05T03:00:00.000,"BASTI(UK), Gabriel Hopton, BALA (3)",Gallery,/events/2241213,43
Warmer People Pop Up Shop [free entry],2025-09-04T00:00:00.000,2025-09-04T18:30:00.000,2025-09-05T00:30:00.000,,Bread and Butter,/events/2245018,34
MOT LIVE: Lo Simple / Idioteque / Sharkpit,2025-09-04T00:00:00.000,2025-09-04T20:00:00.000,2025-09-04T23:30:00.000,,M.O.T,/events/2230490,7
Strictly Vinyl free Thursdays,2025-09-04T00:00:00.000,2025-09-04T18:00:00.000,2025-09-04T23:00:00.000,,26 Curtain Road,/events/2247336,4
Aike Live presented by UKNY Collective,2025-09-04T00:00:00.000,2025-09-04T22:00:00.000,2025-09-05T02:00:00.000,The Twins (waitareyoutwins),Basing House,/events/2234392,203
"Insomnia London: Skifta B2B Armes, Osmaan, Randoma",2025-09-04T00:00:00.000,2025-09-04T23:00:00.000,2025-09-05T04:00:00.000,Osmaan,Corsica Studios,/events/2213238,40
Giammarco Orsini X oinimod London,2025-09-04T00:00:00.000,2025-09-04T22:00:00.000,2025-09-05T03:00:00.000,"Giammarco Orsini, Saywhat",Phonox - Private Hire,/events/2234682,33
SCRAPBOOK,2025-09-04T00:00:00.000,2025-09-04T20:00:00.000,2025-09-04T23:59:00.000,,Avalon Cafe Bermondsey,/events/2241119,32
Home is where the House is,2025-09-04T00:00:00.000,2025-09-04T21:00:00.000,2025-09-05T03:00:00.000,"Seb Fontaine, chris youyou, NouchKat, WTSY",Blue Marlin Ibiza London,/events/2239898,26
Adventures In Dub #5,2025-09-04T00:00:00.000,2025-09-04T19:00:00.000,2025-09-05T00:00:00.000,"Slick N Bobby, DJ Snuff",Bureau of Silly Ideas,/events/2236015,36
"FREE DJ Open Decks at Makossa, Dalston",2025-09-04T00:00:00.000,2025-09-04T19:00:00.000,2025-09-04T23:30:00.000,Faded Society,Club Makossa,/events/2197535,22
"Flaer (live), Time Is Away and Thea HD",2025-09-04T00:00:00.000,2025-09-04T20:00:00.000,2025-09-05T00:00:00.000,,Spanners,/events/2240425,21
Sounds of the South,2025-09-04T00:00:00.000,2025-09-04T20:00:00.000,2025-09-05T00:00:00.000,,Bricks,/events/2238220,13
PUSSYPOP PRESENTS: BOOTY CALL,2025-09-04T00:00:00.000,2025-09-04T20:00:00.000,2025-09-04T23:30:00.000,Crybaby,Dream Bags Jaguar Shoes,/events/2239697,10
MydNIGHT RELEASE PARTY: Myd + SPECIAL GUEST Busy P,2025-09-04T00:00:00.000,2025-09-04T20:00:00.000,2025-09-04T23:59:00.000,"Myd, Busy P",Stranger Than Paradise Records,/events/2240553,10
Bassclart: Launch Party,2025-09-04T00:00:00.000,2025-09-04T21:00:00.000,2025-09-05T02:30:00.000,"Ms. Renegade, FANNY (SE), Karin Bernstrup, fatty acid",The Haggerston,/events/2245711,7
Vaarwell,2025-09-04T00:00:00.000,2025-09-04T19:00:00.000,2025-09-04T23:00:00.000,"Vaarwell, Stresshead",Bermondsey Social Club,/events/2224352,6
LONDON OPEN DECKS,2025-09-04T00:00:00.000,2025-09-04T17:00:00.000,2025-09-04T22:30:00.000,,Carbobar,/events/2241039,5
YOUR MUM'S HOUSE,2025-09-04T00:00:00.000,2025-09-04T22:30:00.000,2025-09-05T03:00:00.000,,XOYO,/events/2202471,2
Reggaeton & Dembow After Party @ Bar Salsa Soho Central London,2025-09-04T00:00:00.000,2025-09-04T22:00:00.000,2025-09-05T02:00:00.000,,Bar Salsa Soho,/events/2202732,2
RnB Thursdays,2025-09-04T00:00:00.000,2025-09-04T20:00:00.000,2025-09-05T02:00:00.000,,Prince of Peckham,/events/2219104,2
ALWAYS INSIDE TAKEOVER,2025-09-04T00:00:00.000,2025-09-04T18:00:00.000,2025-09-05T00:00:00.000,Drime,Planet Wax,/events/2225361,3
Bubba Oasis Clapham | House Party,2025-09-04T00:00:00.000,2025-09-04T21:00:00.000,2025-09-05T01:00:00.000,,Bubba Oasis,/events/2188927,1
POINT ZERO,2025-09-04T00:00:00.000,2025-09-04T23:00:00.000,2025-09-05T05:00:00.000,Christopher Commander,Scotch,/events/2215625,1
Gallery x House of Hearts - Dragonfruit,2025-09-04T00:00:00.000,2025-09-04T22:00:00.000,2025-09-05T03:00:00.000,,Gallery,/events/2219230,1
JUICY,2025-09-04T00:00:00.000,2025-09-04T16:00:00.000,2025-09-05T03:00:00.000,,Ridley Road Market Bar,/events/2236341,1
POST WORK POP PARTY,2025-09-04T00:00:00.000,2025-09-04T17:00:00.000,2025-09-05T00:00:00.000,,Boxpark Shoreditch,/events/2183558,0
Harrison,2025-09-04T00:00:00.000,2025-09-04T18:00:00.000,2025-09-04T22:00:00.000,Harrison (UK),The Broadcaster,/events/2234053,0
Flat Iron Square - Live DJ's,2025-09-04T00:00:00.000,2025-09-04T16:00:00.000,2025-09-04T23:00:00.000,,Flat Iron Square,/events/2241432,0
FRONT ROOM – 10 Years of BSMT,2025-09-04T00:00:00.000,2025-09-04T18:00:00.000,2025-09-04T22:00:00.000,"616, Errol, NEOH, Run X, SNIK, Soda",Bsmt Space,/events/2247777,0
Jungle Splash,2025-09-05T00:00:00.000,2025-09-05T22:00:00.000,2025-09-06T04:00:00.000,"Potential Badboy, Uncle Dugs, Nicky Blackmarket, The Ragga Twins, SIMMS, CITIZEN",Brixton Jamm,/events/2231466,1522
Free Railway Arch Party: Noel Minitel (UK Club Debut),2025-09-05T00:00:00.000,2025-09-05T22:00:00.000,2025-09-06T06:00:00.000,"Betty, Slidge, Guido YZ, Hardcore Babes, Krunx, NEENZY (UK), The Bass Injector",Corsica Studios,/events/2237066,908
Azyr & AISHA,2025-09-05T00:00:00.000,2025-09-05T22:00:00.000,2025-09-06T06:00:00.000,"Azyr, AISHA, MARIEEEA, Shugah, Lezcano, ØC",E1,/events/2204126,846
KOKO Electronic: Chris Lake,2025-09-05T00:00:00.000,2025-09-05T22:00:00.000,2025-09-06T05:00:00.000,"Chris Lake, NenaHalena, Eluize",KOKO,/events/2221054,818
Loud Places 2025,2025-09-05T00:00:00.000,2025-09-05T12:00:00.000,2025-09-07T12:00:00.000,"Kitsta, DMC., Aerofunk, Ed Birrell, Ruby SD, CESKA, Hannah O'Gorman, fae (UK), VSVN, Steamy Bumplings, KISA, Kian OK, tip top, Felon5, KT, B.Love, Blason, Tho, Kusasa, Moova, Nick & Nath, Bunney",TBA - Sussex (location sent to ticket holders).,/events/2078882,539
"Travs Presents: Neffa-T, Novelist, Window Kid, Sox, Plastician, Just Jane, Mak10 + More",2025-09-05T00:00:00.000,2025-09-05T22:00:00.000,2025-09-06T04:00:00.000,"Neffa-T, Novelist, Window Kid, Flirta D, Plastician, Just Jane, CHAMBER45, SI*BL, Kruz Leone, Duppy, Logan_olm",Colour Factory,/events/2226057,540
"Warmer People x Dour Festival - Odymel, Shlømo, Sarah Sommers, Next Door Records + more",2025-09-05T00:00:00.000,2025-09-05T23:00:00.000,2025-09-06T06:00:00.000,"Odymel, Shlømo, Sarah Sommers, Nathan Colinet, Surfing Leons, Alfie Aukett",fabric,/events/2202903,436
"Boudica 6th Bday [Main Room]: Nene H, Spikey Lee, Samantha Togni, J. Aria, Karlie Marx ",2025-09-05T00:00:00.000,2025-09-05T23:00:00.000,2025-09-06T06:00:00.000,"J. Aria, Karlie Marx, Nene H, Samantha Togni, Spikey Lee",FOLD,/events/2195143,405
DISCO TEHRAN IN LONDON,2025-09-05T00:00:00.000,2025-09-05T18:00:00.000,2025-09-06T03:00:00.000,"Milli, Liminal People",Night Tales,/events/2211632,381
Dam Swindle (All Night Long),2025-09-05T00:00:00.000,2025-09-05T22:30:00.000,2025-09-06T03:00:00.000,Dam Swindle,The Jazz Cafe,/events/2209484,284
Makin' Moves 13th Anniversary,2025-09-05T00:00:00.000,2025-09-05T21:00:00.000,2025-09-06T03:00:00.000,"Matt L-S, Jamesey, Martin Lodge, Patrick Steele",The Cross,/events/2231391,235
Natural Selection X CPU ft The Transcendence Orchestra (Surgeon & Dan Bean) - FOLD Steam Room,2025-09-05T00:00:00.000,2025-09-05T22:00:00.000,2025-09-06T06:00:00.000,"The Transcendence Orchestra, Surgeon, Dan Bean, Plant43, Annie Hall, CPSmith, T1_1SK",FOLD,/events/2202536,230
theoracle with dj sweet6teen & Theo Kottis,2025-09-05T00:00:00.000,2025-09-05T23:00:00.000,2025-09-06T05:00:00.000,"dj sweet6teen, Theo Kottis",NUMBER 90 LONDON,/events/2216190,193
Tiffany Calver & Very Special Guests - 4 Fridays at Phonox (Opening Party),2025-09-05T00:00:00.000,2025-09-05T22:00:00.000,2025-09-06T04:00:00.000,Tiffany Calver,Phonox,/events/2218792,165
dh2: Oscar Farrell + Special Guest,2025-09-05T00:00:00.000,2025-09-05T20:00:00.000,2025-09-06T01:00:00.000,Oscar Farrell,The Glove That Fits,/events/2219146,159
Club Cheek presents: Byron The Aquarius All Night Long,2025-09-05T00:00:00.000,2025-09-05T21:00:00.000,2025-09-06T03:00:00.000,Byron The Aquarius,Club Cheek,/events/2200183,93
Missing Links - Digging For Gems W/ Tomoki Tamura,2025-09-05T00:00:00.000,2025-09-05T22:00:00.000,2025-09-06T04:00:00.000,Tomoki Tamura,Secret London Location TBA,/events/2230891,90
"TUSH: House, Disco & Garage, with Very Special Guest [Arch 14 Takeover]",2025-09-05T00:00:00.000,2025-09-05T23:00:00.000,2025-09-06T03:00:00.000,"Kassita, Zerdazi",Arch 14,/events/2237741,103
NT's Loft: Brighter Days Residency - Four Fridays In September,2025-09-05T00:00:00.000,2025-09-05T17:00:00.000,2025-09-06T02:30:00.000,"Supa D, Samtheman, Setwun",Night Tales Loft,/events/2210512,78
Egg LDN Pres: Soca + Bashment,2025-09-05T00:00:00.000,2025-09-05T23:00:00.000,2025-09-06T06:00:00.000,,Egg London,/events/2228765,58
"Bass Face // LDN // DNB, HOUSE:TECHNO, UKG",2025-09-05T00:00:00.000,2025-09-05T23:00:00.000,2025-09-06T05:00:00.000,,Lightbox,/events/2230499,32
HAKUNA KULALA x ORMSIDE presents: Aunty Rayzor / Authentically Plastic / Moesha 13,2025-09-05T00:00:00.000,2025-09-05T23:00:00.000,2025-09-06T05:00:00.000,"Aunty Rayzor, Authentically Plastic, Moesha 13",Ormside Projects,/events/2237878,33
CTM x ICA Night 2: Lyra Pramuk & Tarta Relena,2025-09-05T00:00:00.000,2025-09-05T19:30:00.000,2025-09-05T23:00:00.000,Lyra Pramuk,The Institute of Contemporary Arts London,/events/2192481,26
Ley Lines Festival,2025-09-05T00:00:00.000,2025-09-05T15:00:00.000,2025-09-07T14:00:00.000,"blissy e, Cosmo Sofi, Sam Sharp, DDERHAM, Barney",TBA - Wiltshire,/events/2232868,26
Free Terrace Party with Wafa Love & Jahmed - Flat Earth Disco takeover,2025-09-05T00:00:00.000,2025-09-05T19:00:00.000,2025-09-05T22:00:00.000,Jahmed,Arch 14,/events/2245403,23
Tiffany Calver presents No Requests - 4 Fridays at Phonox,2025-09-05T00:00:00.000,2025-09-05T22:00:00.000,2025-09-06T04:00:00.000,Tiffany Calver,Phonox,/events/2218786,21
Latmun (BIGGEST LONDON HEADLINE SHOW) + Pretty Pink & MORE,2025-09-05T00:00:00.000,2025-09-05T22:30:00.000,2025-09-06T05:00:00.000,"Latmun, Pretty Pink, Kevin McKay",Ministry Of Sound,/events/2226113,21
BRAT: London's best brat party,2025-09-05T00:00:00.000,2025-09-05T23:00:00.000,2025-09-06T04:00:00.000,,XOYO,/events/2237243,10
Rubel,2025-09-05T00:00:00.000,2025-09-05T19:00:00.000,2025-09-05T22:30:00.000,,The Jazz Cafe,/events/2181872,8
FREE TICKETS - Pop & RnB - All Night Long,2025-09-05T00:00:00.000,2025-09-05T23:00:00.000,2025-09-06T05:00:00.000,,Lightbox,/events/2247477,17
The Get Down,2025-09-05T00:00:00.000,2025-09-05T20:00:00.000,2025-09-06T02:00:00.000,,Bricks,/events/2248505,0
Sondela London: Thakzin & Rosey Gold,2025-09-05T00:00:00.000,2025-09-05T23:00:00.000,2025-09-06T05:00:00.000,"Thakzin, Rosey Gold, BADBOX, CLEIDO, Tina Ardor",Village Underground,/events/2204546,271
Balearic London End Of Summer Terrace + Warehouse Party w/ Don Carlos,2025-09-05T00:00:00.000,2025-09-05T19:00:00.000,2025-09-06T04:00:00.000,"Don Carlos, Manuel Darquart, babyschön, Balearic London, Ariane V, Ben Gomori, Gaucho (UK), Sarahtonin",Distillery N17,/events/2185010,202
Central - Velvet Velour b2b Tiago Walter,2025-09-05T00:00:00.000,2025-09-05T18:00:00.000,2025-09-06T02:00:00.000,"Velvet Velour, Tiago Walter, Checketts, Adam Chapman",The Lion and Lamb,/events/2228797,87
⋆｡°✩ @omginternetculture presents // #helloworld - queer hyperpop x breakcore x techno  ☆★ ⋆｡°,2025-09-05T00:00:00.000,2025-09-05T23:00:00.000,2025-09-06T06:00:00.000,"Takenbymarshall, Compulsive Leia, NXTA, Princess Xixi, Bellarosa, Desiludildo",M.O.T,/events/2227201,91
STEEL BARS x Gecko Court,2025-09-05T00:00:00.000,2025-09-05T19:30:00.000,2025-09-06T02:30:00.000,Marigold,Protocol,/events/2208868,78
"Trixie presents Unruly: Stckman, Eluize, Katya & Trixie",2025-09-05T00:00:00.000,2025-09-05T18:00:00.000,2025-09-06T01:00:00.000,"Stckman, Katya, Trixie (UK), Eluize",NUMBER 90 LONDON,/events/2230897,74
Front Left For Palestine,2025-09-05T00:00:00.000,2025-09-05T21:00:00.000,2025-09-06T02:30:00.000,,Love Shack LDN,/events/2227356,74
Hoxton Cabal,2025-09-05T00:00:00.000,2025-09-05T21:00:00.000,2025-09-06T02:00:00.000,"DJ NOYB, MAÏS, Benebe",Hoxton Cabin,/events/2235495,66
ECHO II,2025-09-05T00:00:00.000,2025-09-05T21:30:00.000,2025-09-06T04:00:00.000,"Alythia Kwan, Bekefi, Folek, MaiM, MARIUS SEBASTIAN, MEAKIN, Nucci",Basing House,/events/2222034,58
"MITHA: Amy Cutter, By. Jansz, Oscar & Aryan",2025-09-05T00:00:00.000,2025-09-05T21:00:00.000,2025-09-06T03:00:00.000,"Amy Cutter, By. Jansz, Oscar (MITHA)",Last Arch,/events/2233927,52
John Gómez & La Mamie's,2025-09-05T00:00:00.000,2025-09-05T23:00:00.000,2025-09-06T04:00:00.000,"John Gómez, La Mamie's",The Carpet Shop,/events/2229434,50
"Full Circle x Baile Ijo at Sweeties, The Standard",2025-09-05T00:00:00.000,2025-09-05T22:00:00.000,2025-09-06T02:00:00.000,"CXLI, Flores (2), Ìyáàlù, OTDELTA","The Standard, London",/events/2244704,62
"TETE VIDE x M.O.T : NVST, Dual Monitor, Shirley Temper b2b Slinki + Residents",2025-09-05T00:00:00.000,2025-09-05T23:00:00.000,2025-09-06T06:00:00.000,"NVST, Dual Monitor, Shirley Temper, no.salt, Yunk",M.O.T,/events/2220971,44
ENTRA - 003,2025-09-05T00:00:00.000,2025-09-05T19:00:00.000,2025-09-06T00:00:00.000,"teleopath, S_STEELE, Liam Parsons, ellzyb",A Portuguese Love Affair Deli Café,/events/2229908,45
MTRNM x WYRD present: London,2025-09-05T00:00:00.000,2025-09-05T22:00:00.000,2025-09-06T04:00:00.000,"Orsay, MAYSSA, OSCAAR",93 Feet East,/events/2238665,27
"Pin Swap 001: EN.VEE, Shayk, Kojay, Caitlin, DJ Phatline & Josh Halliley",2025-09-05T00:00:00.000,2025-09-05T19:00:00.000,2025-09-06T02:00:00.000,"EN.VEE, Kojay",Avalon Cafe Bermondsey,/events/2208318,28
"CONSTANT IDs LIVE - Spuds, Eggs, & Hand Grenades, Tom Constant",2025-09-05T00:00:00.000,2025-09-05T23:00:00.000,2025-09-06T06:00:00.000,,Starlane Pizza Bar,/events/2230259,25
Maurice Fulton (Bubbletease Communications): UK Send-off,2025-09-05T00:00:00.000,2025-09-05T21:00:00.000,2025-09-06T03:00:00.000,Maurice Fulton,The Fox and Firkin,/events/2239887,25
Manifesto - Dance In Solidarity,2025-09-05T00:00:00.000,2025-09-05T22:00:00.000,2025-09-06T03:00:00.000,"Overdog, Eds D1, Jamie Ardor",Sui Generis,/events/2240361,23
glint music: excel dj zoomers release party,2025-09-05T00:00:00.000,2025-09-05T20:00:00.000,2025-09-06T02:00:00.000,excel dj,Spanners,/events/2242648,21
Cur8ed,2025-09-05T00:00:00.000,2025-09-05T22:00:00.000,2025-09-06T03:00:00.000,Sahib,The Haggerston,/events/2236925,18
Riot x One Night SWer Pride Festival ft Slvt Riot,2025-09-05T00:00:00.000,2025-09-05T20:00:00.000,2025-09-06T04:00:00.000,Sippin' T,Electrowerkz,/events/2218357,11
TECHnology,2025-09-05T00:00:00.000,2025-09-05T21:00:00.000,2025-09-06T02:00:00.000,,Mezzanine - Tooting,/events/2227352,10
AVAION,2025-09-05T00:00:00.000,2025-09-05T19:00:00.000,2025-09-06T22:00:00.000,,XOYO,/events/2217982,9
Gallery x Olympus Events,2025-09-05T00:00:00.000,2025-09-05T22:00:00.000,2025-09-06T03:30:00.000,,Gallery,/events/2219231,6
World Sounds Electro,2025-09-05T00:00:00.000,2025-09-05T19:00:00.000,2025-09-06T02:00:00.000,"Alythia Kwan, Fresco, Gustavo",Jungla London,/events/2243108,5
FOX IN THE BOX (Weekly Friday afterparty),2025-09-05T00:00:00.000,2025-09-05T23:59:00.000,2025-09-06T10:00:00.000,"Enrico Chirchiello, Janoko, MACE","Union Club, Vauxhall",/events/2246637,5
THE WIRE : SECRET EAST LONDON WAREHOUSE,2025-09-05T00:00:00.000,2025-09-05T23:59:00.000,2025-09-07T06:00:00.000,"Billa Bazz, Lulu (UK), LUUD, Peter Grand, Louie G, Reeno, Vlad Ioachimescu",TBA - FARRINGDON announced to ticket holders on the day ,/events/2248728,23
DEXT RECS VINYL COMP LAUNCH PARTY,2025-09-05T00:00:00.000,2025-09-05T21:00:00.000,2025-09-06T02:00:00.000,"Mak & Pasteman, LMajor, Hooverian Blur, Dozer",Planet Wax,/events/2230665,4
HOUSE OF HAVANA,2025-09-05T00:00:00.000,2025-09-05T21:00:00.000,2025-09-06T03:00:00.000,,Big Chill Bar,/events/2225835,2
Bubba Oasis Clapham | House Party,2025-09-05T00:00:00.000,2025-09-05T21:00:00.000,2025-09-06T02:00:00.000,,Bubba Oasis,/events/2227393,2
Buzz Box,2025-09-05T00:00:00.000,2025-09-05T22:00:00.000,2025-09-06T03:00:00.000,"Kenny Charles, DJ Jeff C",TBA - Casa Ritmo,/events/2230054,2
Olympus presents Cam Smith (Summer Closing Party),2025-09-05T00:00:00.000,2025-09-05T22:00:00.000,2025-09-06T03:00:00.000,"Hakz, Dan Luxa, Beaton, Ned Spencer",Gallery,/events/2244774,2
Cherry Jamz at Copper Cats,2025-09-05T00:00:00.000,2025-09-05T19:00:00.000,2025-09-06T01:00:00.000,"Ovrtic, Mo Dardouk, Belmar (UK)",Copper Cats,/events/2246043,3
Bread & Butter Frequencies,2025-09-05T00:00:00.000,2025-09-05T18:00:00.000,2025-09-06T00:30:00.000,"notjack, JDM",Bread and Butter,/events/2248583,3
Roll In Peace - The Soundtrack To Your Friday Night,2025-09-05T00:00:00.000,2025-09-05T22:00:00.000,2025-09-06T03:00:00.000,,Big Chill Bar,/events/2199222,1
Get Wild - Shoreditch Party,2025-09-05T00:00:00.000,2025-09-05T22:00:00.000,2025-09-06T03:00:00.000,,The Lighthouse Bar & Club,/events/2213708,1
Bashment & Afrobeats Shoreditch Party,2025-09-05T00:00:00.000,2025-09-05T21:00:00.000,2025-09-06T03:00:00.000,,The Lighthouse Bar & Club,/events/2213789,1
FAT LLAMA POP-UP SHOP 2025,2025-09-05T00:00:00.000,2025-09-05T16:30:00.000,2025-09-07T19:00:00.000,"JoeJas, retropxssy, anti.Net","TBA - 128 Hackney Road, E2 7QL",/events/2223765,1
ICONS ONLY,2025-09-05T00:00:00.000,2025-09-05T18:00:00.000,2025-09-06T03:00:00.000,,Ridley Road Market Bar,/events/2236343,1
"CARWASH - House, Disco and Retro Anthems Every Friday night",2025-09-05T00:00:00.000,2025-09-05T21:00:00.000,2025-09-06T02:00:00.000,,Simmons Bar | Shoreditch,/events/2240609,1
Flat Iron Square - Live DJ's,2025-09-05T00:00:00.000,2025-09-05T16:00:00.000,2025-09-05T23:00:00.000,,Flat Iron Square,/events/2241433,1
PH4RMACY In The Forest,2025-09-05T00:00:00.000,2025-09-05T15:00:00.000,2025-09-07T01:00:00.000,Torin Grady,TBA,/events/2242795,1
The Beirut Groove Collective Club-night,2025-09-05T00:00:00.000,2025-09-05T22:00:00.000,2025-09-06T03:30:00.000,Natalie Shooter,The Jago,/events/2247726,1
open decks,2025-09-05T00:00:00.000,2025-09-05T16:00:00.000,2025-09-05T23:00:00.000,,The Muddy Puddle,/events/2248137,2
STEP OUT,2025-09-05T00:00:00.000,2025-09-05T21:00:00.000,2025-09-06T03:00:00.000,,The Camden,/events/2170833,0
Friday Feelings,2025-09-05T00:00:00.000,2025-09-05T18:00:00.000,2025-09-05T23:00:00.000,,Boxpark,/events/2215069,0
Friday Night DJ,2025-09-05T00:00:00.000,2025-09-05T18:00:00.000,2025-09-05T22:00:00.000,,The Broadcaster,/events/2234061,0
NT's Loft 10th Birthday: Free Rooftop Party,2025-09-06T00:00:00.000,2025-09-06T12:00:00.000,2025-09-07T03:00:00.000,"Alec Falconer, Alexander Nut, Ariane V, Charlie Dark, Dean Bryce, Ella Knight, Finn, Jive Talk, Lulah Francs, Madelic, Sam Bangura, Scarlett O'Malley, Silverlining, Swoose, ANLON, Danny Vito, Hannah Lamb, Sharon Khan",Night Tales Loft,/events/2223095,4701
FOLD X MALA JUNTA (EXTENDED),2025-09-06T00:00:00.000,2025-09-06T23:00:00.000,2025-09-07T12:00:00.000,"Alba Heidari, Bessie-Mae, DJ OT, D.Dan, Debbie., DJ TOOL, HAO (CN), D. Tiffany, Hyperaktivist, James Newmarch, Voicedrone, Lockhart, TEDESCO, Riva, Teecra, Yazzus",FOLD,/events/2207499,1444
Bakermat's Circus - Summer open air show,2025-09-06T00:00:00.000,2025-09-06T14:00:00.000,2025-09-06T21:00:00.000,"Bakermat, Ferreck Dawn, Josh Parkinson, Jules Cameron",The Cause,/events/2185693,914
A Day with Laurence Guy [All Day Long],2025-09-06T00:00:00.000,2025-09-06T15:00:00.000,2025-09-06T22:00:00.000,Laurence Guy,Night Tales,/events/2219939,839
LE TEMPLE BERLIN: Genre Bender [Free Entry*],2025-09-06T00:00:00.000,2025-09-06T22:00:00.000,2025-09-07T04:00:00.000,"LEXII., CatMint, Reita D Russo",Colour Factory,/events/2196594,622
Loud Places 2025,2025-09-05T00:00:00.000,2025-09-05T12:00:00.000,2025-09-07T12:00:00.000,"Kitsta, DMC., Aerofunk, Ed Birrell, Ruby SD, CESKA, Hannah O'Gorman, fae (UK), VSVN, Steamy Bumplings, KISA, Kian OK, tip top, Felon5, KT, B.Love, Blason, Tho, Kusasa, Moova, Nick & Nath, Bunney",TBA - Sussex (location sent to ticket holders).,/events/2078882,539
Jersey & FRIENDS,2025-09-06T00:00:00.000,2025-09-06T22:00:00.000,2025-09-07T06:00:00.000,"Jersey, Luca Eck, Megra",E1,/events/2209649,423
SlapFunk Records X 93 Feet East,2025-09-06T00:00:00.000,2025-09-06T14:00:00.000,2025-09-06T23:59:00.000,"Samuel Deep, DJ Senc, Mella Dee, Wax Material, Jack Ling, A.M. Project",93 Feet East,/events/2219374,429
AC 6th Birthday Boat Party + Venue MOT,2025-09-06T00:00:00.000,2025-09-06T19:00:00.000,2025-09-07T07:00:00.000,"Alien Communications, De La Reef, Ellie Stokes, Jos, Matthias (1), MOY (UK), Reptant, Ste Roberts",M.O.T,/events/2113225,388
"KOKO Electronic: Stephan Jolk, Alan Dixon",2025-09-06T00:00:00.000,2025-09-06T22:00:00.000,2025-09-07T05:00:00.000,"Stephan Jolk, Alan Dixon, JANE RYSE",KOKO,/events/2217164,359
"fabric: Lee Ann Roberts, Noise Mafia, ANDATA, Palacïal",2025-09-06T00:00:00.000,2025-09-06T23:00:00.000,2025-09-07T06:00:00.000,"Lee Ann Roberts, Noise Mafia, ANDATA, Fikayo, Dyl Payne, Theo T, Henry Dummett, Karellos",fabric,/events/2202936,320
Night Tales: Shonky & Liquid Earth,2025-09-06T00:00:00.000,2025-09-06T22:00:00.000,2025-09-07T03:00:00.000,"Shonky, Liquid Earth, Lady Jules, ANIKA (2)",Night Tales,/events/2047625,342
"Origins: DAR DISKU, Tarzsa, Cheb Mimo & Shen",2025-09-06T00:00:00.000,2025-09-06T22:00:00.000,2025-09-07T04:00:00.000,"DAR DISKU, Tarzsa, Cheb Mimo, Shen (2)",Colour Factory,/events/2205052,349
"Session Victim, Harrison BDP, Ariane V",2025-09-06T00:00:00.000,2025-09-06T22:00:00.000,2025-09-07T04:00:00.000,"Session Victim, Harrison BDP, Ariane V",Phonox,/events/2216434,248
Fort Romeau,2025-09-06T00:00:00.000,2025-09-06T22:30:00.000,2025-09-07T03:00:00.000,"Fort Romeau, Caspa Mono",The Jazz Cafe,/events/2193372,209
"SYPHEN - AKA HEX, Mun Sing, Klahrk, maniken05, Bitter Gold",2025-09-06T00:00:00.000,2025-09-06T22:00:00.000,2025-09-07T05:00:00.000,"AKA HEX, Aïsha Devi, Slikback, Klahrk, maniken05, Mun Sing, MVCOKO, Bitter Gold, optionlist",Corsica Studios,/events/2228278,207
Guava Jamz Day Party W/ Awesome Tapes From Africa,2025-09-06T00:00:00.000,2025-09-06T12:00:00.000,2025-09-06T22:00:00.000,"Awesome Tapes From Africa, Tina Edwards, JOSH FB, Conrad Lee, idaH",Campfire [Two Tribes],/events/2207983,174
"HUMAИS - Artslaves, Jaime Soeiro, Jeff Sorkowitz, Mike Morrisey & Charlotte Van de Peer",2025-09-06T00:00:00.000,2025-09-06T14:00:00.000,2025-09-06T22:00:00.000,"Artslaves, Mike Morrisey, Jeff Sorkowitz, Charlotte Van de Peer",Village Underground,/events/2219177,163
"A Night of Italo Disco: Alexander Robotnick, DJ Subaru, Special Guest",2025-09-06T00:00:00.000,2025-09-06T22:00:00.000,2025-09-07T04:00:00.000,"Alexander Robotnick, DJ Subaru",Metropolis,/events/2195426,127
Club Hiatus x Heart 2 Heart: Day & Night Dance Pt.2,2025-09-06T00:00:00.000,2025-09-06T15:00:00.000,2025-09-07T01:00:00.000,,Two More Years,/events/2210917,130
(FREE DAY PARTY at CRATE) Spud Sounds presents: Spudathon ,2025-09-06T00:00:00.000,2025-09-06T13:00:00.000,2025-09-06T21:00:00.000,"Ella Fayden, JACKUZZI, Lucimille",Crate Brewery,/events/2238318,148
Summer Outdoor Garage Festival - Studio 338 London,2025-09-06T00:00:00.000,2025-09-06T14:00:00.000,2025-09-06T22:00:00.000,,Studio 338,/events/2211192,93
"Secretsundaze presents: Terrace Party w/ Alex Kassian, Make A Dance, Bianca Lexis + more",2025-09-06T00:00:00.000,2025-09-06T14:00:00.000,2025-09-06T22:00:00.000,"Alex Kassian, Bianca Lexis, Make A Dance, Maybe Laura, Secretsundaze",Ministry Of Sound,/events/2225096,85
"Late Night Shopper w Identified Patient, Mor Elian (live), Syz & Allecto",2025-09-06T00:00:00.000,2025-09-06T23:00:00.000,2025-09-07T05:00:00.000,"Identified Patient, Mor Elian, Syz, Allecto",Ormside Projects,/events/2233677,81
Soul City: House Music Every Saturday Night,2025-09-06T00:00:00.000,2025-09-06T22:30:00.000,2025-09-07T03:00:00.000,"Fort Romeau, Caspa Mono",The Jazz Cafe,/events/2120769,81
Spud Sounds presents: Spudathon (Boat Party by Night) ,2025-09-06T00:00:00.000,2025-09-06T22:00:00.000,2025-09-07T06:00:00.000,"Remove Me, Gabriel Finch, JACKUZZI, Lucimille, Ella Fayden",TBA,/events/2210899,96
The Foundation - Summer Closing Day Party (93 Feet East) Night Party (Basing House),2025-09-06T00:00:00.000,2025-09-06T14:00:00.000,2025-09-07T04:00:00.000,"Lance Morgan, Mark Radford, B3, Dominique Danielle, Carlos Aries, DJ Majesty, Shiloh (UK)",93 Feet East,/events/2205105,74
Siesta Summer Closing Party,2025-09-06T00:00:00.000,2025-09-06T22:00:00.000,2025-09-07T06:00:00.000,"DJ S.K.T, Louden, Brian Smith, JAYDAA, Jerome Six, DJ Majesty, Pioneer, Shenin Amara, Steven Cee, Supa D",Ministry Of Sound,/events/2218132,74
Norman Jay & Sancho Panza...Up On The Roof + Tigerbalm,2025-09-06T00:00:00.000,2025-09-06T17:30:00.000,2025-09-07T03:00:00.000,"Norman Jay, Sancho Panza, Tigerbalm, Mr Shiver, Si Kurrage",Brixton Storeys,/events/2179918,63
Finn (All Night Long),2025-09-06T00:00:00.000,2025-09-06T23:00:00.000,2025-09-07T04:00:00.000,Finn,The Carpet Shop,/events/2232469,58
Slimelight presents: Expedition,2025-09-06T00:00:00.000,2025-09-06T22:00:00.000,2025-09-07T06:00:00.000,"Steve Weeks, Ricardo Castro",Electrowerkz,/events/2243148,41
Blanche on the Roof with AGELESS and Sam Karam [Season Closing],2025-09-06T00:00:00.000,2025-09-06T15:00:00.000,2025-09-06T23:00:00.000,"AGELESS, Sam Karam",TBA - La Yam Rooftop Holborn,/events/2245773,34
"Club Metropolis: Serving House, Disco & Dirty Pop - Every Saturday",2025-09-06T00:00:00.000,2025-09-06T22:00:00.000,2025-09-07T04:00:00.000,"Alexander Robotnick, DJ Subaru",Metropolis,/events/2120823,33
Egg LDN Pres: House All Night Long,2025-09-06T00:00:00.000,2025-09-06T23:00:00.000,2025-09-07T07:00:00.000,,Egg London,/events/2243126,27
Ley Lines Festival,2025-09-05T00:00:00.000,2025-09-05T15:00:00.000,2025-09-07T14:00:00.000,"blissy e, Cosmo Sofi, Sam Sharp, DDERHAM, Barney",TBA - Wiltshire,/events/2232868,26
CTM x ICA Night 3: aya x MFO & Violent Magic Orchestra,2025-09-06T00:00:00.000,2025-09-06T19:30:00.000,2025-09-06T23:00:00.000,"aya, Violent Magic Orchestra",The Institute of Contemporary Arts London,/events/2192487,21
Lion & Lamb with Andre King b2b Mauro Ferno (All Night Long),2025-09-06T00:00:00.000,2025-09-06T19:00:00.000,2025-09-07T02:00:00.000,"Andre King, Mauro Ferno",The Lion and Lamb,/events/2238040,23
VANITY afterhours special edition Saturday night into Sunday morning (1am - 10am),2025-09-06T00:00:00.000,2025-09-06T23:59:00.000,2025-09-07T10:00:00.000,"Francesco Poggi, Enrico Chirchiello, Steve Andrew","Union Club, Vauxhall",/events/2237180,11
Desta French pres: Latinas of London,2025-09-06T00:00:00.000,2025-09-06T19:00:00.000,2025-09-06T22:30:00.000,BRISA,The Jazz Cafe,/events/2183648,6
"Club Classics: Dirty Pop, Every Saturday Night",2025-09-06T00:00:00.000,2025-09-06T22:00:00.000,2025-09-07T03:30:00.000,,Metropolis,/events/2120877,5
All About Da Boogie End of Summer Party 2025,2025-09-06T00:00:00.000,2025-09-06T20:00:00.000,2025-09-07T01:00:00.000,Special Guest DJ,The Horse & Groom,/events/2230193,2
Late Editions: P Montana,2025-09-06T00:00:00.000,2025-09-06T22:00:00.000,2025-09-07T03:00:00.000,P Montana,The Book Club,/events/2237028,0
Beyond Midnight,2025-09-06T00:00:00.000,2025-09-06T23:59:00.000,2025-09-07T11:00:00.000,,Fire,/events/2247476,3
INCEPTION LDN @ Number 90 LIVE [FREE PARTY],2025-09-06T00:00:00.000,2025-09-06T16:00:00.000,2025-09-07T04:00:00.000,"Tomi & Kesh, ACAPULCO, adamou, Brandon Tourle, Dan Santos, Geo DJ, HAIG, J Young",NUMBER 90 LONDON,/events/2199496,198
Violet Moss - The Loft,2025-09-06T00:00:00.000,2025-09-06T22:00:00.000,2025-09-07T03:00:00.000,"Tai Lokun, Strath, Matt Hübner",Basing House,/events/2197906,161
Groove Gala - Day Party (secret location),2025-09-06T00:00:00.000,2025-09-06T15:00:00.000,2025-09-06T23:00:00.000,,TBA - (London) Revealed to ticket holders on the day,/events/2143068,136
Bedfactory Records 3rd Birthday,2025-09-06T00:00:00.000,2025-09-06T14:00:00.000,2025-09-07T00:00:00.000,"Bedfactory Records, Maslow Unknown, Friedlander, Jimmy Dinners, Nick Davis, Uncle Baz",Brixton Jamm,/events/2213094,108
ANARCHY X DWELLER PRESENT… The Final Summer Shaker,2025-09-06T00:00:00.000,2025-09-06T14:00:00.000,2025-09-07T01:00:00.000,"Golden Syrup, JEET (UK), Touré, Willsy",Nico's Bar at Hackney Bridge,/events/2226735,109
SENSORIAL: SCENE ONE - ENTER A QUEER PORTAL [Bass-heavy global rhythms],2025-09-06T00:00:00.000,2025-09-06T22:00:00.000,2025-09-07T04:00:00.000,"Sippin' T, THEMPRESS, Limi, ROHiNA, Olive Juice",Unit 58,/events/2195279,102
"Avant Garde presents: REUNION at 93 Feet East, London",2025-09-06T00:00:00.000,2025-09-06T19:00:00.000,2025-09-07T01:30:00.000,,93 Feet East,/events/2216850,97
Jungyals and Gays presents: Babesline,2025-09-06T00:00:00.000,2025-09-06T23:00:00.000,2025-09-07T06:00:00.000,"Princess Xixi, THEMPRESS, ELS (UK), isora, PEPPA (2)",M.O.T,/events/2229994,79
The Housetrap: Trapter 1 (Afro's Bday Bash) - Sat 6th Sept,2025-09-06T00:00:00.000,2025-09-06T22:00:00.000,2025-09-07T04:00:00.000,"Marcus Nasty, Shenin Amara, DJ S (UK), Jerome Six, Kye Refix, Pinty",Rolling Stock,/events/2188838,71
RnB & Groove,2025-09-06T00:00:00.000,2025-09-06T21:00:00.000,2025-09-07T03:00:00.000,Nésa Thea,Orange Room,/events/2234842,76
SUMMER SEND OFF,2025-09-06T00:00:00.000,2025-09-06T18:00:00.000,2025-09-07T01:00:00.000,,Lock Inn Camden,/events/2231691,73
Summerhouse Open Air,2025-09-06T00:00:00.000,2025-09-06T12:00:00.000,2025-09-06T22:00:00.000,,Club Langley,/events/2168734,71
Ordinary Mornings with T. Jacques,2025-09-06T00:00:00.000,2025-09-06T19:00:00.000,2025-09-07T01:00:00.000,"T. Jacques, Ordinary Mornings",Next Door Records Two,/events/2209545,59
UKG/House Daytime Coffee Shop Rave - The Coffee Gen x Urban Baristas,2025-09-06T00:00:00.000,2025-09-06T12:00:00.000,2025-09-06T17:00:00.000,,Urban Baristas - Twickenham,/events/2237712,68
"MILK 1st Birthday: Full-Fat House, Disco & Techno",2025-09-06T00:00:00.000,2025-09-06T22:00:00.000,2025-09-07T03:30:00.000,"Nur B, BARB-DJ, Vince Velvet, Ben Paul",Oslo Hackney,/events/2218693,56
"Club Glow 'All Night Long' (Denham Audio, Borai, LMajor & Mani Festo) with Blackeye MC",2025-09-06T00:00:00.000,2025-09-06T22:30:00.000,2025-09-07T03:00:00.000,"Denham Audio, Borai, LMajor, Mani Festo, Blackeye MC",Hootananny Brixton,/events/2214740,54
Stomp For Freedom: Fundraiser for AAFDA: Avalon Cafe,2025-09-06T00:00:00.000,2025-09-06T19:00:00.000,2025-09-07T02:00:00.000,"Sarah Evans, Alex Mills, Georgia, Marie Guyot, Ariane V",Avalon Cafe Bermondsey,/events/2217129,45
GRIDLOCK #2,2025-09-06T00:00:00.000,2025-09-06T21:00:00.000,2025-09-07T03:00:00.000,,Cu,/events/2221692,41
NON-STOP: The Launch,2025-09-06T00:00:00.000,2025-09-06T15:00:00.000,2025-09-06T22:00:00.000,Forge,Bricks,/events/2218240,36
"SPUD presents: BEN GERRANS, Mirage & Baxter",2025-09-06T00:00:00.000,2025-09-06T21:00:00.000,2025-09-07T03:00:00.000,BEN GERRANS,Last Arch,/events/2240924,38
La Luna x Maroto,2025-09-06T00:00:00.000,2025-09-06T23:00:00.000,2025-09-07T05:00:00.000,,Maroto,/events/2241080,33
DeepDig: Patrick Forge (4 Hour Set) - TICKETS ON THE DOOR,2025-09-06T00:00:00.000,2025-09-06T18:00:00.000,2025-09-07T03:00:00.000,"Patrick Forge, CSGRV",Grow,/events/2182814,31
Run it Back,2025-09-06T00:00:00.000,2025-09-06T14:00:00.000,2025-09-06T22:00:00.000,"Billy Cocks, Terrell Reece",Gigi's Hoxton,/events/2218594,28
FREE ENTRY - After Hours x NRG CRU: 160 & Beyond,2025-09-06T00:00:00.000,2025-09-06T19:30:00.000,2025-09-07T02:30:00.000,"A.N.T, TILDA (2), Abby Daze, Bluck, FENDI-K, SIMMS, Gamma, NEENZY (UK), INSECT CRUSHA, Xosé",Four Quarters,/events/2242557,34
"Helix at The Goose: Stckman, Jiminy Watts, Rolo, Data Flow",2025-09-06T00:00:00.000,2025-09-06T23:59:00.000,2025-09-07T07:00:00.000,"Stckman, Jiminy Watts, Rolo (2), Data Flow",TBA - North/East London,/events/2241854,27
"BOTANICAL with Freshta, Mahnoor, Stress Less & Deaf Florists",2025-09-06T00:00:00.000,2025-09-06T22:00:00.000,2025-09-07T03:00:00.000,"Freshta, Stress Less, Deaf Florists, DJelley, Memory Muscle",The Greyhound,/events/2220431,25
Palomar presents: Rhyw / LWS / Mount Palomar / NIKKI O,2025-09-06T00:00:00.000,2025-09-06T23:00:00.000,2025-09-07T05:00:00.000,"Rhyw, LWS, Mount Palomar, NIKKI O",XOYO,/events/2217335,27
I Can't Believe It's Not Garage! Vol2! - Dubstep Grime 140 ,2025-09-06T00:00:00.000,2025-09-06T21:00:00.000,2025-09-07T03:00:00.000,"Highlander, Wiz (UK)",The Castle,/events/2230050,24
Good Vibez x I Don't Care,2025-09-06T00:00:00.000,2025-09-06T23:00:00.000,2025-09-07T07:00:00.000,,TBA - Via INSTAGRAM - Secret London Location,/events/2240805,23
Splash*,2025-09-06T00:00:00.000,2025-09-06T22:30:00.000,2025-09-07T03:30:00.000,,The Waiting Room,/events/2227762,20
"Roots To Jungle: Rub A Dub All Dayer (Free Before 3pm, No Re-entry)",2025-09-06T00:00:00.000,2025-09-06T14:00:00.000,2025-09-07T04:00:00.000,"Micky Finn, Liam Bailey, Louise Plus One",The Fox and Firkin,/events/2245477,19
IN THE RAVE #5 - JOLIE P (SLM) / LUKE GOMM / AUDIO DUNE / MELLY / TORI & SPECIAL GUESTS,2025-09-06T00:00:00.000,2025-09-06T21:30:00.000,2025-09-07T04:30:00.000,"AUDIO DUNE, Melly (1), warmluke, DJoe",TBA - KINGS CROSS,/events/2239984,17
Soul Town Festival,2025-09-06T00:00:00.000,2025-09-06T12:00:00.000,2025-09-07T22:00:00.000,"Craig Charles, Kele Le Roc",Croydon Road Recreation Ground,/events/2111309,13
Primitive UK x HZ Records,2025-09-06T00:00:00.000,2025-09-06T15:00:00.000,2025-09-06T21:00:00.000,"Lu.Re, Frazer Ray, Scruz",Planet Wax,/events/2237993,13
Omakasé,2025-09-06T00:00:00.000,2025-09-06T21:00:00.000,2025-09-07T04:00:00.000,"FLORENTIA, Terry Farley",The Cross,/events/2238259,13
Limelight & TTLF,2025-09-06T00:00:00.000,2025-09-06T14:00:00.000,2025-09-06T21:00:00.000,,Basing House,/events/2157304,12
Gallery x The Collective,2025-09-06T00:00:00.000,2025-09-06T22:00:00.000,2025-09-07T03:30:00.000,,Gallery,/events/2219233,15
Not Safe For Work - Queer FLINTA Rave by Slagland,2025-09-06T00:00:00.000,2025-09-06T22:00:00.000,2025-09-07T04:00:00.000,,Low Profile Studios,/events/2234211,12
Phase Three London,2025-09-06T00:00:00.000,2025-09-06T14:00:00.000,2025-09-06T23:00:00.000,"Alan Banks, Mark Landragin",Rolling Stock,/events/2163158,9
UKG Brunch - Rooftop Party,2025-09-06T00:00:00.000,2025-09-06T12:00:00.000,2025-09-06T18:00:00.000,TBA,Brixton Storeys,/events/2184743,9
AVAION,2025-09-05T00:00:00.000,2025-09-05T19:00:00.000,2025-09-06T22:00:00.000,,XOYO,/events/2217982,9
Party! Party! Ibiza style Boat Party plus E1 after party,2025-09-06T00:00:00.000,2025-09-06T19:30:00.000,2025-09-07T06:00:00.000,"VanRock, Mr Fresh Official, Eddie Van Poppel",Crown Pier,/events/2190382,8
Cold Light & FELT x Atomiser,2025-09-06T00:00:00.000,2025-09-06T19:00:00.000,2025-09-06T23:00:00.000,"Civilistjävel!, Eldon (1), Fergus Jones, King Vision Ultra",St Martin-in-the-Fields Church,/events/2229714,8
"RollDaBeats - Louise+1, Hughesee, Haste - Old Skool Hardcore / Jungle Vinyl Special",2025-09-06T00:00:00.000,2025-09-06T21:00:00.000,2025-09-07T02:00:00.000,"Louise Plus One, Hughesee",Planet Wax,/events/2235987,7
BLEND with LAURENZO FAB,2025-09-06T00:00:00.000,2025-09-06T22:30:00.000,2025-09-07T05:00:00.000,,Egg London,/events/2229878,6
Ground UP - Day Party,2025-09-06T00:00:00.000,2025-09-06T15:00:00.000,2025-09-07T00:00:00.000,"Spotness, Scatterbrain DJs, Miss Lightbeam, Jon Doe",Distillery N17,/events/2233535,8
SWEAT 2 SEND,2025-09-06T00:00:00.000,2025-09-06T15:00:00.000,2025-09-06T18:30:00.000,,Sleven Fitness,/events/2240974,29
Bashment & Afrobeats - Shoreditch Party,2025-09-06T00:00:00.000,2025-09-06T22:00:00.000,2025-09-07T03:00:00.000,,The Lighthouse,/events/2213821,5
"Patterns- K-SLICE, Juka, Mad Cisco",2025-09-06T00:00:00.000,2025-09-06T22:00:00.000,2025-09-07T03:00:00.000,"K-SLICE, JUKA (2), Mad Cisco",The Haggerston,/events/2242949,5
THE WIRE : SECRET EAST LONDON WAREHOUSE,2025-09-05T00:00:00.000,2025-09-05T23:59:00.000,2025-09-07T06:00:00.000,"Billa Bazz, Lulu (UK), LUUD, Peter Grand, Louie G, Reeno, Vlad Ioachimescu",TBA - FARRINGDON announced to ticket holders on the day ,/events/2248728,23
RollDaBeats,2025-09-06T00:00:00.000,2025-09-06T21:00:00.000,2025-09-07T02:00:00.000,"Equinox (UK), Hughesee",Planet Wax,/events/2233396,4
Summer of Love - London party boat + free after party E1,2025-09-06T00:00:00.000,2025-09-06T19:30:00.000,2025-09-07T06:00:00.000,"NYCity Soundz, Mr Fresh Official, Eddie Van Poppel, VanRock",Crown Pier,/events/2190347,3
Cherry Jamz at Club Makossa,2025-09-06T00:00:00.000,2025-09-06T22:00:00.000,2025-09-07T03:00:00.000,"Ovrtic, Mo Dardouk, Belmar (UK)",Club Makossa,/events/2246046,3
Don't You Want Me Baby,2025-09-06T00:00:00.000,2025-09-06T20:30:00.000,2025-09-07T03:30:00.000,,The Roxy,/events/2002007,1
Emerge East,2025-09-06T00:00:00.000,2025-09-06T11:00:00.000,2025-09-06T21:00:00.000,,TBA - Baring Riverside Station,/events/2221427,1
FAT LLAMA POP-UP SHOP 2025,2025-09-05T00:00:00.000,2025-09-05T16:30:00.000,2025-09-07T19:00:00.000,"JoeJas, retropxssy, anti.Net","TBA - 128 Hackney Road, E2 7QL",/events/2223765,1
"DEPECHE MODE FAN PARTY, Kings Cross, London",2025-09-06T00:00:00.000,2025-09-06T22:30:00.000,2025-09-07T02:30:00.000,,Water Rats,/events/2232988,1
Drew McDowall Live in Brixton,2025-09-06T00:00:00.000,2025-09-06T19:00:00.000,2025-09-06T22:00:00.000,Drew McDowall,Hootananny Brixton,/events/2240010,3
PH4RMACY In The Forest,2025-09-05T00:00:00.000,2025-09-05T15:00:00.000,2025-09-07T01:00:00.000,Torin Grady,TBA,/events/2242795,1
Move London Summer Sessions Boat party followed by E1,2025-09-06T00:00:00.000,2025-09-06T19:30:00.000,2025-09-07T06:00:00.000,"NYCity Soundz, VanRock, Mr Fresh Official, Eddie Van Poppel",Crown Pier,/events/2244691,1
Classic Carwash Saturdays,2025-09-06T00:00:00.000,2025-09-06T21:00:00.000,2025-09-07T03:00:00.000,,Simmons Bar,/events/2202750,0
Get Wild - Shoreditch Party,2025-09-06T00:00:00.000,2025-09-06T22:00:00.000,2025-09-07T03:00:00.000,,The Lighthouse Bar & Club,/events/2213747,0
CLUB MIX,2025-09-06T00:00:00.000,2025-09-06T18:00:00.000,2025-09-07T03:00:00.000,,Ridley Road Market Bar,/events/2236351,0
Scared To Dance: Guest DJ Simon Armitage,2025-09-06T00:00:00.000,2025-09-06T22:00:00.000,2025-09-07T02:00:00.000,,The Victoria Dalston,/events/2239042,0
Flat Iron Square - Live DJ's,2025-09-06T00:00:00.000,2025-09-06T16:00:00.000,2025-09-06T23:00:00.000,,Flat Iron Square,/events/2241434,0
Amor London Boat party + after-party / £5 Flash sale save £30,2025-09-06T00:00:00.000,2025-09-06T19:30:00.000,2025-09-07T05:00:00.000,"VanRock, BämBäm, Alfredo Romero, NYCity Soundz",Westminster Pier,/events/2244693,0
[CANCELLED] HIVE's End of Summer BBQ,2025-09-06T00:00:00.000,2025-09-06T14:00:00.000,2025-09-06T22:00:00.000,,TBA - The St.Crispin Inn,/events/2231882,9
Midland - All Day In The Courtyard,2025-09-07T00:00:00.000,2025-09-07T15:00:00.000,2025-09-07T21:00:00.000,Midland,The Carpet Shop,/events/2244178,283
CAYA by fabric: ninkasi presents Emerald (All Night Long),2025-09-07T00:00:00.000,2025-09-07T23:00:00.000,2025-09-08T04:00:00.000,Emerald,fabric,/events/2234372,129
Ancestorz - The Free Afro house Day party,2025-09-07T00:00:00.000,2025-09-07T14:00:00.000,2025-09-07T23:59:00.000,,Pop Brixton,/events/2218870,2062
ZIYING & Friends,2025-09-07T00:00:00.000,2025-09-07T15:00:00.000,2025-09-07T23:00:00.000,"ZIYING, Christian J, Innerstice, Selen, Adela, Karellos, AVANTIME, Shaveen",Gaffe,/events/2238962,148
Flight Plan presents: Cruise Control [Day Party],2025-09-07T00:00:00.000,2025-09-07T16:00:00.000,2025-09-07T22:00:00.000,"THEO (5), T Simm, Jomo, Millian, FITS ME FUNNY, ANLON",Last Arch,/events/2231941,96
WORMHOLE [day party],2025-09-07T00:00:00.000,2025-09-07T12:00:00.000,2025-09-07T22:00:00.000,"Arlanoa, Marie Malarie, DJ TEETH, Ms.G, Perrinha",Distillery N17,/events/2229746,94
Smile presents - SUMMER CLOSING PARTY,2025-09-07T00:00:00.000,2025-09-07T14:00:00.000,2025-09-07T22:00:00.000,"Exotico, JAYDAA",Red Dog Saloon,/events/2182340,40
Daybreaker x Groove Armada (DJ set) x Sam Divine - Pre-Noon Entry,2025-09-07T00:00:00.000,2025-09-07T10:00:00.000,2025-09-07T20:00:00.000,"Groove Armada, Sam Divine",Hackney Bridge,/events/2235425,37
"Fossil Archive presents: Livid, Jeneva, R.M.K",2025-09-07T00:00:00.000,2025-09-07T18:00:00.000,2025-09-08T00:00:00.000,"Livid (UK), Jeneva, R.M.K",The Glove That Fits,/events/2195269,24
Fridge Bar Reunion [Return To Brixton],2025-09-07T00:00:00.000,2025-09-07T14:00:00.000,2025-09-08T02:00:00.000,"Mark Radford, Paleface",TBA - A Plush New 3 Room Brixton Location,/events/2151600,16
Soul Town Festival,2025-09-06T00:00:00.000,2025-09-06T12:00:00.000,2025-09-07T22:00:00.000,"Craig Charles, Kele Le Roc",Croydon Road Recreation Ground,/events/2111309,13
"Aerobica - Vittoria Wharf Studio with Guille Bonesso, Claudia, BABY MONET, Kid-A",2025-09-07T00:00:00.000,2025-09-07T14:00:00.000,2025-09-07T23:00:00.000,"Claudia (UK), BABY MONET, Kid_A, Guille Bones",Vittoria Wharf Studio,/events/2238983,10
We Are The Sunset with Bill Brewster,2025-09-07T00:00:00.000,2025-09-07T15:00:00.000,2025-09-07T22:00:00.000,Bill Brewster,Filly Brook,/events/2236820,5
ALIVE: LDN from Daybreaker,2025-09-07T00:00:00.000,2025-09-07T10:00:00.000,2025-09-07T20:00:00.000,"Groove Armada, Sam Divine, Sarah Story, Charlie Dark, Madame Gandhi",Hackney Bridge,/events/2246542,5
"THE BIG MARKET - Lewisham, The Fox and Firkin",2025-09-07T00:00:00.000,2025-09-07T12:00:00.000,2025-09-07T18:00:00.000,South London Bedroom Orchestra,The Fox and Firkin,/events/2081798,4
Horse Meat Disco at Eagle London,2025-09-07T00:00:00.000,2025-09-07T20:00:00.000,2025-09-08T03:00:00.000,Horse Meat Disco,The Eagle,/events/2241938,5
Red Eye - 90's Boat Party,2025-09-07T00:00:00.000,2025-09-07T18:00:00.000,2025-09-07T22:00:00.000,"Jesus RedSoul, Cecilia Ena, Michael ReDark",TBA,/events/2187367,3
FAT LLAMA POP-UP SHOP 2025,2025-09-05T00:00:00.000,2025-09-05T16:30:00.000,2025-09-07T19:00:00.000,"JoeJas, retropxssy, anti.Net","TBA - 128 Hackney Road, E2 7QL",/events/2223765,1
Sunday Sessions: Anish Kumar,2025-09-07T00:00:00.000,2025-09-07T14:00:00.000,2025-09-08T18:00:00.000,Anish Kumar,All My Friends,/events/2249309,3
Sunday Sessions: Anish Kumar,2025-09-07T00:00:00.000,2025-09-07T14:00:00.000,2025-09-08T18:00:00.000,Anish Kumar,All My Friends,/events/2249309,3
Play London! The Biggest Weekly Monday Student Night in London,2025-09-08T00:00:00.000,2025-09-08T23:00:00.000,2025-09-09T03:00:00.000,,Private Hire at Xoyo,/events/2222385,0
SNEAK RAVE,2025-09-09T00:00:00.000,2025-09-09T22:00:00.000,2025-09-10T03:00:00.000,,XOYO,/events/2119767,13
"Milkshake, Ministry Of Sound: London's Biggest Student Night",2025-09-09T00:00:00.000,2025-09-09T22:00:00.000,2025-09-10T04:00:00.000,,Ministry Of Sound,/events/2235443,6
AYNJEL'S PLASTIC CLUB x DOTYK,2025-09-09T00:00:00.000,2025-09-09T18:00:00.000,2025-09-10T02:00:00.000,DOTYK,Ridley Road Market Bar,/events/2236370,0
